{
  "ce_bits": 78326.1015625,
  "ce_bpb": 1.7623945629795468,
  "rc_bytes": 9685,
  "rc_bpb": 1.7433566590914205,
  "rc_np": "[116  94 191 ... 193  33  27]",
  "seed_token": 216,
  "T_valid": 44442,
  "n_raw_bytes": 44443,
  "param_bytes": "99328",
  "total_rc": "109013",
  "ratio_rc": 0.40768532193408125,
  "n_wrong": 18792,
  "argmax_acc": 0.5771567436208992,
  "decode_ok": true
}