{
  "ce_bits": 2532164.25,
  "ce_bpb": 1.8619594086824036,
  "rc_bytes": 308631,
  "rc_bpb": 1.815548558545707,
  "rc_np": "[142  60  93 ... 178  80   0]",
  "seed_token": 216,
  "T_valid": 1359945,
  "n_raw_bytes": 1359946,
  "param_bytes": "99328",
  "total_rc": "407959",
  "ratio_rc": 3.3335359680752235,
  "n_wrong": 588842,
  "argmax_acc": 0.5670104305688833,
  "decode_ok": true
}