name,compressed_size,compression_ratio,compress_time_ms,decompress_time_ms,total_time_ms,throughput_compress_mbps,throughput_decompress_mbps,space_saved_percent,error
store (no compression),1359946,1.0,0.0002910001057898626,0.00020800052880076692,0.0004990006345906295,4456856.015151989,6235299.397443802,0.0,
gzip (level 9),267206,5.089503978204082,241.7890829992757,0.9141660002569552,242.70324899953266,5.3639542191543,278.7540767410089,80.35171984769983,
bzip2 (level 9),156578,8.685421962216914,75.20424999984243,17.620499999793537,92.82474999963597,17.245641993665668,8.474471048835587,88.48645460922712,
lzma/xz (preset 9),177412,7.665467950307758,321.0731659992234,7.4756250005521,328.5487909997755,4.039408176211621,22.632658514809147,86.9544820161977,
zstandard (level 22),178727,7.60906857945358,345.64491599940084,0.6087089996071882,346.253624999008,3.7522483678066374,280.01450554917517,86.85778700036619,
LZ4 (level 12),289172,4.7028965460003045,142.19908300037787,0.38912499985599425,142.58820800023386,9.120632457917944,708.7077662085092,78.73650865549074,
